country,store,category,rank,app_id,app_name,publisher_id,publisher_name,icon,screenshot,most_recent_release,release_count_in_past_year
US,google_play,Books & Reference,1,app.hallow.android,Hallow: Prayer & Meditation,1903257,"Hallow, Inc.",https://play-lh.googleusercontent.com/VOeyo7c0lPpEWqRSTEkzbtfjTnnX58E2VKE8hLTuSXNDxKYWsSN8-GuRZ-qPU2ZMh7U,https://play-lh.googleusercontent.com/fJB-syknIV0e_YF4DQCp164UhYH1WiDxUiXZOSXlRUXocPC9HZ_9tZvvgwCtIh_zaRvV,2024-02-21T00:00:00,24
US,google_play,Books & Reference,2,com.kjv.bible.now,KJV Bible Now: Audio+Verse,2787228,Bible Now Group,https://play-lh.googleusercontent.com/Yhg5o7ddSVYkKUKSc00RV-O7dGXjxG6p-3ehMTk7M0iF_VMsAX63FPgUBoaXmU36Yuo,https://play-lh.googleusercontent.com/m6YrvYiYDCMJNOluQTWk_lQjlr4lkeGt2KnqgF1wMLsJknz-HO-kRKKceqvdntRJ95jk,2024-02-20T00:00:00,17
US,google_play,Books & Reference,3,com.audible.application,Audible: Audio Entertainment,2921053,"Audible, Inc.",https://play-lh.googleusercontent.com/pwzZK-7oQexraeU0mOrQgFIck-QSS89rH0eWjehctp8XskRSpixPNVlA0YYlRXHbA2Iz,https://play-lh.googleusercontent.com/URitgigypiky_VPRhm3kEcc7VLiF27uMX3oZmggjDvj9v5Qcg2m8BUkl5ZF3NBAq8g,2024-02-13T00:00:00,57
US,google_play,Books & Reference,4,com.dailybible.lite,DailyBible Lite - KJV Version,2716618,LINKAMEN PTE. LTD.,https://play-lh.googleusercontent.com/Cx0dSiXoRNVFYzkkU8NW4YO3Ym_PhMEMWvTLtSWG9QEjcDXU_UgwKcxEM7ckwQouM4CZ,https://play-lh.googleusercontent.com/IDsTP4t-j4JdY5i4drWFs9AiNoQ7eKIGpTwfKqCLms6Zv9QuqVlGfmcPmnSPHctZ3Yw,2024-02-21T00:00:00,4
US,google_play,Books & Reference,5,com.mybible.todaypraybible,My Bible - Verse+Audio,2917105,BeWithGod,https://play-lh.googleusercontent.com/ZFfJMxkh-7iomfR_aA17jh7eQr1jpPYijuLuM8OJysdxrKSYtWBmLskEVlPNLSpqIyA,https://play-lh.googleusercontent.com/Cx_ETe_Ug7tSicxsPAtwO6-Jd6ZWAK7O0ll9DTujXkYy7gG0zVWtNcxnldIsasAflI8,2024-01-23T00:00:00,10
US,google_play,Business,1,us.zoom.videomeetings,Zoom - One Platform to Connect,17479,zoom.us,https://play-lh.googleusercontent.com/yZsmiNjmji3ZoOuLthoVvptLB9cZ0vCmitcky4OUXNcEFV3IEQkrBD2uu5kuWRF5_ERA,https://play-lh.googleusercontent.com/kSI2FyhuPY3efl8htMUGG4goWJ865RCY7E-lvI0tqRsGwGMqO5gN2r2jXMxSIwtx4t0,2024-02-01T00:00:00,25
US,google_play,Business,2,com.indeed.android.jobsearch,Indeed Job Search,8609,Indeed Jobs,https://play-lh.googleusercontent.com/_sJ-ST-crO8lxIzTv44xv_hiZvA6X7X2-8jSjhha2RfYcGSgACRod38yA6dfmcJHy_M,https://play-lh.googleusercontent.com/ZcXtI3bzuLFS1MMAbYnW0u5C3G6XSqhREaMyFP9qNDMIX7jukyBkxz-qk_32ht1DcOg,2024-02-21T00:00:00,27
US,google_play,Business,3,com.azure.authenticator,Microsoft Authenticator,190,Microsoft Corporation,https://play-lh.googleusercontent.com/_1CV99jklLbXuun-6E7eCPR-sKKeZc602rhw_QHZz-qm7xrPdgWsJVc7NtFkkliI8No,https://play-lh.googleusercontent.com/9GzcbWjTFz3cTg3GESa_N4jxI8tgYLWss6Vd8Rzq7Bz-EF_tfylOFEjoSSk-2ZY-IuE,2024-02-12T00:00:00,16
US,google_play,Business,4,com.microsoft.teams,Microsoft Teams,190,Microsoft Corporation,https://play-lh.googleusercontent.com/jKU64njy8urP89V1O63eJxMtvWjDGETPlHVIhDv9WZAYzsSxRWyWZkUlBJZj_HbkHA,https://play-lh.googleusercontent.com/yKNVCpJw99oildKmC7fv4zsT_YuJubEdQYwogU0TTtILpwIsf9L_FSN0JsY-FsMdCm4,2024-02-15T00:00:00,27
US,google_play,Business,5,com.doordash.driverapp,DoorDash - Dasher,353516,DoorDash,https://play-lh.googleusercontent.com/trfOy_Wg9gQTwGcoYJNushqXIV3xFhWBReAVWM5IPqspN5N811YhTKQCG48anNS13HE,https://play-lh.googleusercontent.com/VJdqcls1THqk3dDpRedrQ66q7hSYb_L9LFYPJzbN72fw3EWQIC5kzBlCS0OcUcKemY4,2024-02-16T00:00:00,44
US,google_play,Comics,1,com.kodansha.kmanga,K MANGA,40003,Kodansha Ltd.,https://play-lh.googleusercontent.com/pOTdVYxVGhspHGIZU8nt4VL86yI1TCng2terb1Yz5vSEVX4Dj7E3QHy1H1Wckye3wxQ,https://play-lh.googleusercontent.com/4LPtDWL0X4IyV-HdjqOHuhHxCjBzvfg6vmriXPRHt_51pUhrIf2hPiCtZ3VIIkIgfg,2024-02-13T00:00:00,10
US,google_play,Comics,2,com.naver.linewebtoon,WEBTOON,2395380,NAVER WEBTOON,https://play-lh.googleusercontent.com/86I0wCNw3f-A2F4f-w1jWZtEOCFFHxhqngWCzEWJFTOZwwlnbIwRH76LUlNF8LxGF3rJ,https://play-lh.googleusercontent.com/0liDmAid2Da9OW_9j-rw3wUOBTZkiwgE86NoWMrmBSz6qDcffFESvbj5TyrwMABCluBG,2024-01-25T00:00:00,31
US,google_play,Comics,3,com.tapastic,Tapas – Comics and Novels,2886087,Tapas Entertainment Inc.,https://play-lh.googleusercontent.com/kbJN8EgvEMP1qy7NCfT7HYXxJcQf-kI_19kn8ALqPAqC-gFeasE5Kh5CCSunIbTcYD0,https://play-lh.googleusercontent.com/3XMpQ84Z0o75nXP1_hMeaRAf_vS_DlvUMzcxknrNOCcDBJ7yLxc2zCeErgTB7vuIjw,2024-01-29T00:00:00,13
US,google_play,Comics,4,com.fortnitebattleroyale.chapter4,BATTLE ROYALE CHAPTER 5 Mobile,2266880,Black Zoro Games and References,https://play-lh.googleusercontent.com/wHUOK2gXP3qHFvKTl4Nk-bRTQKut3keM-JGUBVpKQOQHGeQLvNsBxi7R9lRe65IVQWk,https://play-lh.googleusercontent.com/gAEQ3-PQ0HOH6IPuJvQRYEg6_HqP-YTiWjJTCmn082LlXXNFL7v60OqJtAMTj0v4SwE,2023-09-05T00:00:00,1
US,google_play,Comics,5,jp.co.shueisha.mangaplus,MANGA Plus by SHUEISHA,26408,株式会社 集英社,https://play-lh.googleusercontent.com/dJAXyPsNXcrdKRmeU49_UoErCheQ8dpG3tPEqsYYIdRaXHjDoMpn94AewG4V1qCLqK0,https://play-lh.googleusercontent.com/CPKPWw2RCXbctD8XyjvWxce6eOngFx6I8mfJnbjdeQUGEAjwFFLaWDX6ayvIWVghpFc,2024-02-19T00:00:00,6
US,google_play,Communication,1,com.whatsapp,WhatsApp Messenger,2483148,WhatsApp LLC,https://play-lh.googleusercontent.com/bYtqbOcTYOlgc6gqZ2rwb8lptHuwlNE75zYJu6Bn076-hTmvd96HH-6v7S0YUAAJXoJN,https://play-lh.googleusercontent.com/tNuMAclO_TrRn5RbiSo2iU2ySljFaHjCIWoMUSoemUcl4FjTyVO0PpJZL_zTrYf7v_4,2024-02-15T00:00:00,49
US,google_play,Communication,2,org.telegram.messenger,Telegram,1523888,Telegram FZ-LLC,https://play-lh.googleusercontent.com/ZU9cSsyIJZo6Oy7HTHiEPwZg0m2Crep-d5ZrfajqtsH-qgUXSqKpNA2FpPDTn-7qA5Q,https://play-lh.googleusercontent.com/wlwY1vowGxTrvQMRDHJD21iYBG7S_E09QbKPY-L6dqEc4UxCi0fDQiNuCBonFYED1yU,2024-02-16T00:00:00,61
US,google_play,Communication,3,com.snapchat.android,Snapchat,1049569,Snap Inc,https://play-lh.googleusercontent.com/KxeSAjPTKliCErbivNiXrd6cTwfbqUJcbSRPe_IBVK_YmwckfMRS1VIHz-5cgT09yMo,https://play-lh.googleusercontent.com/xKCYMMuIshGmxLVckXnGYsdorvBxF0oI58Yt82Vkj_cn3Dby52gdrt4Lmr7BTYiVww,2024-02-15T00:00:00,54
US,google_play,Communication,4,com.facebook.orca,Messenger,2661616,"Meta Platforms, Inc.",https://play-lh.googleusercontent.com/ldcQMpP7OaVmglCF6kGas9cY_K0PsJzSSosx2saw9KF1m3RHaEXpH_9mwBWaYnkmctk,https://play-lh.googleusercontent.com/eNHuTzAjfYxGjo22mH7f_UPWqP8_9xFd7PAv4H0z6zsWfFzYt57h6YPbyoUmKeFymB0,2024-02-21T00:00:00,41
US,google_play,Communication,5,com.enflick.android.TextNow,TextNow: Call + Text Unlimited,1144047,"TextNow, Inc.",https://play-lh.googleusercontent.com/ZU2MdVVbKvKLuFlTCuJ0b6-HiyyZmqPcpnwA6iDJCa6CAR32U0xfcVWef1nRf9X4J6A,https://play-lh.googleusercontent.com/cAt1HRjoBawQgaJjoiCFFi2OrncC-diSvRYvNQzH3d3-PoH-h5OuBK_xJc9MeJ6wQ50,2024-02-20T00:00:00,32
US,google_play,Education,1,com.duolingo,Duolingo: Language Lessons,12815,Duolingo,https://play-lh.googleusercontent.com/hSyebBlYwtE2aMjzSIHasUO9cQv9HgNAw9owy6ADO0szOKYO3rDk60r7jcyXu82Fbq1M,https://play-lh.googleusercontent.com/Yhl1PeVsRsAmnGn4T8KLQ-UOgYIuu_kjnJRp1x9KXynNUtNDpHpDTEFe5pIzLT06WFs,2024-02-14T00:00:00,71
US,google_play,Education,2,com.qianfan.aihomework,Question.AI - Chatbot&Math AI,2984529,D3 DIMENSION TECHNOLOGY PTE.LTD.,https://play-lh.googleusercontent.com/f4_fW12KAPPg_WYCzMbGUPb5cEHWVb_6W-AbRs10hAl7Ecg5jMK9bNtM46sklWYb_vU,https://play-lh.googleusercontent.com/QBof2xP5Ge4eAI1EbNMElES0EHMPKn6muV8iVoGfmOTy9bStTIp47apvbbQWL6a_uBY,2024-02-19T00:00:00,28
US,google_play,Education,3,com.education.android.h.intelligence,Gauth - AI Homework Helper,2629144,GauthTech Pte. Ltd.,https://play-lh.googleusercontent.com/1CnI8ztueH5zyg2PLN1qEcPaL_j56Y48gEr2OKcD31ce799Qw91_U0QneDLmwYlCo3w,https://play-lh.googleusercontent.com/5OokyrE59vOWQECRovpcCXVuX7aW4npLNs3XHn3JoMIHrT-Rk6dn6lJK-bdSXZyTFQo,2024-02-02T00:00:00,21
US,google_play,Education,4,com.google.android.apps.classroom,Google Classroom,1428138,Google LLC,https://play-lh.googleusercontent.com/w0s3au7cWptVf648ChCUP7sW6uzdwGFTSTenE178Tz87K_w1P1sFwI6h1CLZUlC2Ug,https://play-lh.googleusercontent.com/aJ5CxjdYhJIaUKYGdtZjNjBW-IrStLXKy3i3q7FYrdGVINWgKzCM68IlMQsfe4pBj6w,2024-02-14T00:00:00,5
US,google_play,Education,5,com.microblink.photomath,Photomath,3027089,Photomath LLC,https://play-lh.googleusercontent.com/E_kpq1HGn5WU2P4S2yu0BwrPEHqiA-VBh2R7qoIjPFXdNvKA0A-8zi0RzRslUtEOnUvA,https://play-lh.googleusercontent.com/WZxzFFPlEOYSoH9NIllADXhS716Puxb3APrrJkLutT1MCAGDzoD8YO-pfaOigRt87oc,2024-02-01T00:00:00,21
US,google_play,Entertainment,1,com.cbs.app,Paramount+,6891,"CBS Interactive, Inc.",https://play-lh.googleusercontent.com/oi4GE8ulxHp4Y2xVzKu_WAMrgE4Jj4Kbdd7hAWLeoZTsMtC5bYTd2xcYhlvMk69pTFY,https://play-lh.googleusercontent.com/uhlKo98kUmNDKD0Ak0ITqKsPJlyQntZqhlxFlgepr6eaap24FXBus6GC4HOE0bxMnuY,2024-02-14T00:00:00,24
US,google_play,Entertainment,2,com.cbs.ott,Paramount+,6891,"CBS Interactive, Inc.",https://play-lh.googleusercontent.com/rdzfnSN_CJ0930nHwaZbD8my6X_s8xAFORVg6gvdUTiNz5qgYqObKEVIT8mOzapaUB4T,https://play-lh.googleusercontent.com/6JUNLfVOJZfOS-FIl-U7qgXHnfglsB0Acvx55Lb-QybHw5EaEGxKCW3orRVFdlFDM6g,2024-02-14T00:00:00,23
US,google_play,Entertainment,3,com.cbs.tve,CBS,6891,"CBS Interactive, Inc.",https://play-lh.googleusercontent.com/R-Dlb-6gMbHZuaHJqkLs5BeGJDEmBHyrsQ-r4X3IImHvdpS_7umgjOO6-7e_4AbAXQ,https://play-lh.googleusercontent.com/0dUDK2pK8Q6RY8NFjh2Hk7SLZWuaAKdqQfIvECnKzg0PcHZgjPt27EnDd2jGNB_fRAo,2024-02-14T00:00:00,17
US,google_play,Entertainment,4,com.tubitv,Tubi: Movies & Live TV,483443,Tubi TV,https://play-lh.googleusercontent.com/Xy8NOV0EXdrbji891ShNk9HKqYWtC0__mQDrSA_SNlqcg-a0OarjX1Ny3kIxxYPoZkc,https://play-lh.googleusercontent.com/y_BpXbsnSc9MC4Ys9EwaiU7DI5sKEA0BOUr_pNYW2kDe9vRGFAnIAHgaFMhYlgKtHCE,2024-02-12T00:00:00,42
US,google_play,Entertainment,5,com.netflix.mediaclient,Netflix,6283,"Netflix, Inc.",https://play-lh.googleusercontent.com/TBRwjS_qfJCSj1m7zZB93FnpJM5fSpMA_wUlFDLxWAb45T9RmwBvQd5cWR5viJJOhkI,https://play-lh.googleusercontent.com/NTFOnXELvK9lY2sHPNxNOzCzXNNdgRVq8qbBtTUOGtRgVCHi-LXMTl4cuv24ZMUOpgg,2024-02-15T00:00:00,62
US,google_play,Finance,1,com.squareup.cash,Cash App,2966528,"Block, Inc.",https://play-lh.googleusercontent.com/6RcPDQwPihY591Axu7e6mHhMZ22Q-dqeI5z9GkJiu4Hc-Xha77E6uoeplstYuv5RcnE,https://play-lh.googleusercontent.com/i-xTdnHWkwAeH0vpg4t_NrywS6z4O3dabBwyJjSh0_q443wOHJzKpT6wa0Z5z8xEaD8,2024-02-17T00:00:00,51
US,google_play,Finance,2,com.paypal.android.p2pmobile,"PayPal - Send, Shop, Manage",17659,PayPal Mobile,https://play-lh.googleusercontent.com/bDCkDV64ZPT38q44KBEWgicFt2gDHdYPgCHbA3knlieeYpNqbliEqBI90Wr6Tu8YOw,https://play-lh.googleusercontent.com/lIgt1pM6ZDhNPuS3n85D93yrMZKTmUtdk7EqE2_rZ3i6NlrTQ5-pnNnVSO95ooWP0AZf,2024-02-13T00:00:00,25
US,google_play,Finance,3,com.intuit.turbotax.mobile,TurboTax: File Your Tax Return,6296,Intuit Inc,https://play-lh.googleusercontent.com/qZ2NfFkU66kGpn3NcCGeUPrb9hu9d3F2DA88epxAfOII7VvS-646DiPWA2ReMguM21k,https://play-lh.googleusercontent.com/BIH12ngF9lgg4s12Re2KoC3CeOt9SOSoId7K_mWUJPEamWLQ5EuNEemDpGjJr0Hr5g,2024-02-14T00:00:00,19
US,google_play,Finance,4,com.venmo,Venmo,925226,"PayPal, Inc.",https://play-lh.googleusercontent.com/YAKMX5YFcuE8_NogkbM7gkqrhBY6CUefbpULAVnNZLSitbo9S3Dw2FIYNqhW0d5G94Y,https://play-lh.googleusercontent.com/Oh5oH8inFmJ9f4_VYM_MHID-bf0VzgZrUj2jPS44tHxNv1oulilX0ZQ8J5NOh6KaQg,2024-02-01T00:00:00,30
US,google_play,Finance,5,com.onedebit.chime,Chime – Mobile Banking,235598,Chime,https://play-lh.googleusercontent.com/IihPs4IZsflvpscJVS14-ySG-BJH2B97Fv1nCEsr0e8YZXFxTiTSTesHz3UAF-bcaCvs,https://play-lh.googleusercontent.com/TrNORg5QhwlidXisWgG48yIjH5srwAeez-7_pKq15ZERf4uhIWXNV1LYArqZm58yXFw,2024-02-20T00:00:00,41
US,google_play,Health & Fitness,1,com.appsky.android.bloodpressure,Health Tracker,2779482,Appsky Hong Kong Limited,https://play-lh.googleusercontent.com/nRWK0aJvu6JyvgTXcD-XNtjuiOdhBL6khSIJN_7QI1vRiA3QyBI-6YYRDWAP8RSPXKE,https://play-lh.googleusercontent.com/EmpGdNFc5nLtFauqHefO3E94IhxgwxkS_kdZHh2HHumtuMMpE_KNNxg2RYFbW2pn_g,2024-02-16T00:00:00,15
US,google_play,Health & Fitness,2,com.mearsure.heartratepro.manage,Health Kit,2911423,P & L Studio,https://play-lh.googleusercontent.com/t1Sh7kv7rd8AddgWjTCtwFvvh1ocsQ3CgJ4ntlF024OPbVeQty0PLvq-42CaGxxIvn7q,https://play-lh.googleusercontent.com/aApXzLJdIjMI-fPATGgJ49NyR3wm2V51OnoIzCsKpt-T2gBEW3G-yD87XgyjpVV_s4A,2024-01-27T00:00:00,28
US,google_play,Health & Fitness,3,health.sleep.sounds.tracker.alarm.calm,ShutEye®: Sleep & Relax,2950063,ENERJOY PTE. LTD.,https://play-lh.googleusercontent.com/sx7LQO3-1xJFDBnck8F37xZxdAKxv5aUFElDVolkSjkSu53VxlWJ4gwGpSkKa2fLOCc,https://play-lh.googleusercontent.com/Yk1fQfYzAu8r_C_GYAkQks8euPj56F8SZctisJKqQWCf4xWFAdPLCeVuLzr4Q9yFoJ8,2024-02-04T00:00:00,17
US,google_play,Health & Fitness,4,bloodpressure.bloodpressureapp.bloodpressuretracker,Blood Pressure App,2623234,QR Code Scanner.,https://play-lh.googleusercontent.com/QTjNQMKixbumI-kOezNuLmtSXo-VqfW1dHH1myU76ZqXi1oKWIMTCM9D9G2xjSauh2s,https://play-lh.googleusercontent.com/SFXqehg8R3eH9ZP6uOa3Zp0eV9swiOYlQyYttsupfvIP1baLS3g6p4Y_RGKwqty50BY,2024-01-10T00:00:00,7
US,google_play,Health & Fitness,5,com.planetfitness,Planet Fitness Workouts,2082411,Planet Fitness,https://play-lh.googleusercontent.com/OICnkECAhWjgkWSy2oBo4DJVE1myjJ5TC1YfdQJi6MMPQgEHvyg2YbuSnM4ENJy1t1ok,https://play-lh.googleusercontent.com/_bWbFLde9ZoDIw_iShIwaHljpjisCumxJxIaasWdYuvVZ6xkcof3HQgEE6mmaK6rQoQ,2024-02-07T00:00:00,20
US,google_play,Libraries & Demo,1,hdmi.connector.five,USB Connector Phone to TV,1524175,high-TechPro,https://play-lh.googleusercontent.com/u5LPlUtx7bP3V3I9rTWQlnYVf5eeKWrUgSle40rboDbHT_V_D8wFPlAHryaJfh6cDTaR,https://play-lh.googleusercontent.com/LqGhHezvlDNAjQb5pWUBciz9jfEtW2FDEaH3Ip8uapmUieWtX-I08GyI6njk8Owsm1Q,2024-02-20T00:00:00,8
US,google_play,Libraries & Demo,2,com.google.samples.apps.cardboarddemo,Cardboard,1428138,Google LLC,https://play-lh.googleusercontent.com/OF-_SP5tzFPxK7NBoX7Y-Wsz32Woy_JliL4kZSTdkNz-PyAiHV1znVwjkQgn5vGahA,https://play-lh.googleusercontent.com/iVAAhuLFF3M7CN9SusGEJyAZJiVt_gSrfBVhcqamiroF63I1YAmjCw-H4r4Dv_wOI3p3,2023-05-01T00:00:00,2
US,google_play,Libraries & Demo,3,com.skinsvia.mcpe,Skins for Minecraft,2818269,Viacraft Mobile,https://play-lh.googleusercontent.com/ksHWoiAPcj5HgkncjzLHHE-0H_hp1pF6EQNkcl3qIlWoGAE3Oh1ZfMORPeTUeVn6yx8,https://play-lh.googleusercontent.com/v7nLzBEl-sbPs_1M0ZmcZOeTVEsBAq2X26TBFhoGZrx-VlMfTJ8LKK6vV3xlA-1RUQ,2024-02-16T00:00:00,19
US,google_play,Libraries & Demo,4,com.mobilesecretcodes.allandroidtips.androidtricks.allsecretcodes,Secret codes and Ciphers,2868254,Appsiun Technology,https://play-lh.googleusercontent.com/lnh-XAgKGuLb8AZNY3seGeA3Q-vQvvm00Jos-So8dj_ORgv6oOxztfdPrReMl4MVTg,https://play-lh.googleusercontent.com/Qp7jchNnfBmTkc2TBi4NCnpy08i0lap9r0GJY7Be0x963UG4W1ZoPe3zdAa7-XmrVPg,2024-01-15T00:00:00,2
US,google_play,Libraries & Demo,5,melon.playground.mod.addons,Addons for Melon,1850189,Phuket INC,https://play-lh.googleusercontent.com/qYHJPaPNGggo3w6dL_bf26jq46lquISlPyXmN6ws3ZD_Rc8NmmoS4fYOpoC_I4Xoi5k,https://play-lh.googleusercontent.com/1yNvkJHk-RoLe2aL_ERrfCEdj_EMvftdb2jLZdmXIM45UIav4saQFv4M6MhYUQH-P0_C,2024-02-20T00:00:00,8
US,google_play,Lifestyle,1,com.pinterest,Pinterest,1031071,Pinterest,https://play-lh.googleusercontent.com/dVsv8Hc4TOUeLFAahxR8KANg22W9dj2jBsTW1VHv3CV-5NCZjP9D9i2j5IpfVx2NTB8,https://play-lh.googleusercontent.com/hJ7PMMkjIzJn_q2tL_Uzfx7WgFNOe2Hn43PTNNUMjAYsz0FOetOouQkgKOXHnYx_eyPn,2024-02-20T00:00:00,76
US,google_play,Lifestyle,2,com.life360.android.safetymapd,Life360: Live Location Sharing,6291,Life360,https://play-lh.googleusercontent.com/AxZFJIQK5sr8KXkko0jBH5SolEbpM_8W8q7h3EZNeTNWTeZi-G3kp2OTbrqo--X24H4,https://play-lh.googleusercontent.com/e-MdxUD_9CQEoq0O-iKUo3kw5OdbjBkMXgqqWvuPFNd5gv8Aw1tEPMsrIIaOnhIhAjU,2024-02-20T00:00:00,37
US,google_play,Lifestyle,3,com.nextdoor,Nextdoor: Neighborhood network,1155770,Nextdoor.com,https://play-lh.googleusercontent.com/RamdLkcf8OZ7y2DEpajvoLntyHr0v8hTippsn134VnwZ0IaxEA_drA9dOzof3e9_od8,https://play-lh.googleusercontent.com/VVDwwzodlEiQZfB5MLDCyp5J8__zTkCN-NFVw0xpRuTvOaqk6a0cu4eYfOs2U2wJqJhS,2024-02-15T00:00:00,49
US,google_play,Lifestyle,4,cashgiraffe.app,Cash Giraffe - Play and earn,2789167,Cash Giraffe,https://play-lh.googleusercontent.com/XNF-0H4LbaSkgPd53v_q298_AnDW2K0fO5WwusOELmdW76zTXjO4o8gnCsA-vESGKw,https://play-lh.googleusercontent.com/hUGhtWTIbgUiLctFee87zmvMEEkrVDTjyEIfijkz8mTrddYr1TkGaMgrX7k8Gsme8A,2024-02-14T00:00:00,13
US,google_play,Lifestyle,5,com.tmobile.tuesdays,T Life (T-Mobile Tuesdays),475,T-Mobile USA,https://play-lh.googleusercontent.com/DQPce4JKSo_548iihKRDyNOzgOc-TfjE0yd1Up3rUwFZc6iN7E87CQTRDlSU_i2A3BM,https://play-lh.googleusercontent.com/woc7qJKeNb8Jq-5lhZClMOGSdnxkBys9ahAmZA_ckynHqjseA23tYBLfrg_0KFFiE_y2,2024-02-14T00:00:00,15
US,google_play,Medical,1,com.goodrx,GoodRx: Prescription Coupons,27095,GoodRx,https://play-lh.googleusercontent.com/SpJiR-IAPc0ZWP-e1GMBokNPn7FfQGc20xtd8uTGXHTmbP36eAhI4JRRFDwiHhzN,https://play-lh.googleusercontent.com/h3iiwRWHAuhT0JuMvaJ1XR2YWDJjjfEbZ6FroMHbM3IbbzqURadn5Owxo2ISjY_ieg,2024-02-16T00:00:00,42
US,google_play,Medical,2,epic.mychart.android,MyChart,2277,Epic Systems Corporation,https://play-lh.googleusercontent.com/YPtBGr6THchfNi4KIo9P4A5TePEia_daTtMtsqwsURjYqngsLCRV1-NUah09z0kcBXs,https://play-lh.googleusercontent.com/lH042OzDfMZNvc4m6UgiZZaE0s9SZXNssWivHIzbeAa4gHRtzuFf2ybXgWbEo21efw,2024-02-12T00:00:00,11
US,google_play,Medical,3,com.mobile.uhc,UnitedHealthcare,986694,"UNITED HEALTHCARE SERVICES, INC.",https://play-lh.googleusercontent.com/wbBhGUZBcwxy6iUp1wWoJM6PC29lL4oHMvOVeAviVdm9Bpd_i3slI9JiOpjnfhChUJI,https://play-lh.googleusercontent.com/WX1C2N8OflCiZ6-cliDpwGiU_sNNb313sCY_PbSjpwEKbuTXR_DHRC7pwyLxZ0M3Fw,2024-02-21T00:00:00,30
US,google_play,Medical,4,com.teladoc.members,Teladoc Health: Virtual care,167826,"Teladoc, Inc.",https://play-lh.googleusercontent.com/NE0V0xBb33K-7U_I55f2uWZDXTpP8ZUaD0kHhpb__3DU0g2qNOveDnMm5IRRdJN_FwQ,https://play-lh.googleusercontent.com/5dwU-CKvRO_EqnYCpjk9dN3hMdXewWBkD6bC2_MhSTKlx3eb734WN3oWbxtZzg2wjSzx,2024-01-31T00:00:00,10
US,google_play,Medical,5,com.modernizingmedicine.patientportal,APPatient,2971042,"Modernizing Medicine, Inc.",https://play-lh.googleusercontent.com/3xXH_c97g4qax2VLNredL9H0N9_80qaocPn7OXW6zg19dXEPD-jTdUXoTGy2pBBPEBZg,https://play-lh.googleusercontent.com/ONed21K6mHVohCDaqYL89lRI3JKn4mnmDUwDjPjX3I_OfO-LyxNUIx-INRiY77c0MNU,2024-02-12T00:00:00,4
US,google_play,Music & Audio,1,com.spotify.music,Spotify: Music and Podcasts,2605534,Spotify AB,https://play-lh.googleusercontent.com/cShys-AmJ93dB0SV8kE6Fl5eSaf4-qMMZdwEDKI5VEmKAXfzOqbiaeAsqqrEBCTdIEs,https://play-lh.googleusercontent.com/wOs4SW2KcXb1OluTqQZWB82UqqSzpb2vw_Tn-F1lxdkB6xVL4FnTbKL9-a0AvhMt4A,2024-02-20T00:00:00,69
US,google_play,Music & Audio,2,com.radio.pocketfm,Pocket FM: Audio Series,2878901,Pocket FM Corp.,https://play-lh.googleusercontent.com/NN_i80MWCYgSoVNFPZv8w09gIxUzRbXhPl7d00jgff2xDSKaXqTtjNZFSh_DfDPP1w,https://play-lh.googleusercontent.com/tdVbD-p4eXimJQzpDy2a51sYkvy_Su4qzWKMMq0CozvCGxf2xnQZbkrBD2R7_oiWPLI,2024-02-20T00:00:00,68
US,google_play,Music & Audio,3,com.pandora.android,Pandora - Music & Podcasts,9059,Pandora,https://play-lh.googleusercontent.com/jm0217jbZ0VJhGU7ecHHoi7MOcY7KMvxY5t1bIsc3KSVwLNbTwkwsfvtHvQkfabSmyNH,https://play-lh.googleusercontent.com/-cfCi-9UZsN9VUrUnXjICX3JsQQ-yYtHu-KZmGupvwddHaNbiyICVtxwjYEg6tl78DA,2024-02-13T00:00:00,15
US,google_play,Music & Audio,4,musicplayer.playmusic.audioplayer,Music Player & MP3 - DDMusic,2722099,Hitchhike Tech,https://play-lh.googleusercontent.com/nSjcNWKKjpnGrEDv8gWwAz2JOb5IR56MTb_dsRLAQa8qEwKa7GlL6LZnNPvpdrCRU48,https://play-lh.googleusercontent.com/TQ0knxd9NwabRN6L3W58gmscwQY6Be6lN1_JdrC9uoqbxQF0jIAkzIajE6oR347wlhNS,2023-12-25T00:00:00,6
US,google_play,Music & Audio,5,com.bandlab.bandlab,BandLab – Music Making Studio,2569772,BandLab Technologies,https://play-lh.googleusercontent.com/wfWpJxIMDymGBN2IxIrHjFqS1HD-JZbaLYO5d1Vly2yCtKLUiiDz38LxB3dMh8L1WTA,https://play-lh.googleusercontent.com/Zxme7-QSa3ZbRyOtB9IIHsdHpvfK2iBHeEy8PiGePLkM_9RrCwakddLk5HyRQIKtYRU,2024-02-16T00:00:00,42
US,google_play,News & Magazines,1,com.particlenews.newsbreak,NewsBreak: Local News & Alerts,678026,Particle Media Inc.,https://play-lh.googleusercontent.com/tglON9RT5UtgM5omnTCl-PsDxyKIxg4jc8Q36WGEoYmEKjZXsTaUv7HbHo_xEoCloQ,https://play-lh.googleusercontent.com/tx9fpvOP-c8-tQpdI3PVu2x-Iyhbu_r8kpJsJHcNTqmCWEzwgw7l-D9_JU1Qd0fpxEkH,2024-02-21T00:00:00,46
US,google_play,News & Magazines,2,com.novanews.localnews.en,Local News: Breaking & Latest,2918255,NEWSDELIVER LIMITED,https://play-lh.googleusercontent.com/j3DcAf5wbhF5GIZ7PWqbb7ElUtfBhqVZmIdHQl6Xwby1RGyQbbKnjDHlYtn5irhNu1o,https://play-lh.googleusercontent.com/-2-k7l1yuEYIVzUsYJeOuK_qaFrBKN0ejsKp3hRn4WnaEV1kBKhxnmNXKCC_kaN_iw,2024-02-02T00:00:00,12
US,google_play,News & Magazines,3,com.opera.app.news.local,Local News: 24/7 Coverage,44772,Opera,https://play-lh.googleusercontent.com/YF5gn_jb_9aivP4cfoPG4dseYi716-DyuZ9D3pWZdTDtgF64VLC_0eI71R2Nc5kYjA,https://play-lh.googleusercontent.com/qkIdKksg5qQ9TUMUb3_u_AbqKc1k_m_KHSsqKZXFeKDVButv9m4-xhkMIOI5V46Zt1c,2024-01-16T00:00:00,5
US,google_play,News & Magazines,4,police.scanner.radio.broadcastify.citizen,Police Scanner - Live Radio,2966537,"Police Scanner, Scanner Live Radio App",https://play-lh.googleusercontent.com/0PhFPF7GlTeqBtoKB5yfE3ZdizMdFkZJvkR5mjr8rmpYEp9I7U05sPnPRZni-_ksRGQ,https://play-lh.googleusercontent.com/6vheFy9z5fvtSRW_oXc_SwhUl6sC7Iunz7cBrGB7jXtQbf6ryBpuDeU8rgwL3C_zJE8,2024-01-31T00:00:00,8
US,google_play,News & Magazines,5,com.novanews.android.dailynews,Daily News: Local & Alerts,2988094,NEWSREADLINE LIMITED,https://play-lh.googleusercontent.com/XB9ODiqn1sG74quIi7t3Wdo-5BMyl_YcPC4W_MsxxVQ_9lW9dfJfmsbyFCK4dt83TJI,https://play-lh.googleusercontent.com/P5zUNKBzbsVVDt_1u81ejHK85tF--54N8fhgW38DNvYiVIs4ZlmnI363QjvLZiRJXoE,2024-01-18T00:00:00,8
US,google_play,Personalization,1,net.zedge.android,Zedge™ Wallpapers & Ringtones,10199,Zedge,https://play-lh.googleusercontent.com/aNpjlS1-FYod8rvew1_EFosRm5fFK4d8-g-JFt7d9pimPAyQus1com9u8aGmLGfrRA,https://play-lh.googleusercontent.com/A0X2dsvbuo-6vesu2AgLL0l5Sqsgbeh2n0Q9MbZ5nB4gKgW9noDLSfU1Ag93IGTxn4o,2024-02-12T00:00:00,21
US,google_play,Personalization,2,easy.launcher,Easy Homescreen,2902737,Homescreen Apps,https://play-lh.googleusercontent.com/PpJcZs81Tx4Ia0fQDcEoLjDut8LPi9s_w6lxcZwcTyqRluFwjSZRW4pVlQ6wVz2AXpU,https://play-lh.googleusercontent.com/C2Yg8IWEJ5l1K67p9ZXDnA-Qp4d6efBacGiN90o3ULyCyX8zGRvTRuRNz8UhlPbWsxMk,2024-02-05T00:00:00,43
US,google_play,Personalization,3,com.tools.animation.batterycharging.chargingeffect,Battery Charging Animation,2802584,GAM Mobile App,https://play-lh.googleusercontent.com/wpLudTJcfibKVoSQc9UFoH03qQhn6NHQiISdywEVkGgaYL66AZG1CZH6N7RL1Y8SIX0,https://play-lh.googleusercontent.com/p-jwBX1TnvZI7kFer7zPKNBSY_SmzL6MginT17BFV3g9nTsTai24uDkXBXbj1IbsKA,2024-02-03T00:00:00,21
US,google_play,Personalization,4,com.iconchanger.widget.theme.shortcut,"Themepack - App Icons, Widgets",2719082,YoloTech,https://play-lh.googleusercontent.com/U2MfyACDMUrVHpRUSJbLNm8Zo4ALywxlI6ZkEnlAbPknkNhg6xgM1EMlWl3xqopPbA,https://play-lh.googleusercontent.com/IPgd6kS5zJRAATwaKDYt3bQglJ_gY4dHzX9gxDvHYLfh8-l7cFG6ADia9YVO-utN2nU,2024-02-20T00:00:00,43
US,google_play,Personalization,5,com.uxto.gcd,Greeting Card Design,3025786,DAQUANE LAMENT,https://play-lh.googleusercontent.com/W6ZvnvX6BFYsKiGXLGji_V_gUy2hxkwPy62jbfPCoaKYIP2tmrN_yEB0FusstsaI5Q,https://play-lh.googleusercontent.com/a9YxThUuN5cpjO1ntwIbrUpJFj59WqKBz8_4rFXBeKh5rjMb7fSgc5u8zFmEJ2xLXn0,2023-11-10T00:00:00,3
US,google_play,Photography,1,com.xphotokit.app,X PhotoKit,2606088,X PhotoKit,https://play-lh.googleusercontent.com/J8k8c_Ehi-LjqnWhHhIR8FaDiZT4v1i9fmh9nvOYrjia9tqpkp0RqVnOjNn6r0gKQ75X,https://play-lh.googleusercontent.com/tOkUs0G-ToEvphjAr54rSh3fC7cHppq60WRuHR7dVT5RwTAifJUDcs7u-8C_1rp-0Q,2024-02-02T00:00:00,16
US,google_play,Photography,2,com.photoroom.app,Photoroom AI Photo Editor,2783465,PhotoRoom Background Editor App,https://play-lh.googleusercontent.com/oWttohYyh3AtI6jYeQNQReUzhz-babbXTHf9DDosjH-BnUC1eGgh16yxJoDrJm9xxr49,https://play-lh.googleusercontent.com/q1u9LIh_7b2fmPP3Onwx8Fm49yPIEwmmlnLcizUY6_pw1H3g9-nCfcb9j7VoDHVBOA,2024-02-16T00:00:00,43
US,google_play,Photography,3,com.camerasideas.instashot,Video Editor & Maker - InShot,2447870,InShot Video Editor,https://play-lh.googleusercontent.com/mjmbWruxfo8oYHsBNI7b76KLj1AEJQo7hXwlmi05EvfFwubOjo8nQJrVEHRe4Vbgpo8,https://play-lh.googleusercontent.com/70ps1i_4yDyU4xNsF6a9vMDGt0JULc8A2qcKTcg6odvnvIh-PUwBXUr3ktWuipdXoQ,2024-02-04T00:00:00,13
US,google_play,Photography,4,com.cyberlink.youcammakeup,YouCam Makeup - Selfie Editor,2720640,Perfect Mobile Corp. Photo & Video Beauty Editor,https://play-lh.googleusercontent.com/WbljTZlJao8SRfSOU91yzujvji9z2Ae4N5Cl1U0c5w5cwjTDTQa4pCT1yzbc_kM9j0A,https://play-lh.googleusercontent.com/knT3daym7oLEpXyEAHXY0FK7B7PuNeIl6e1kGKkbDCMtBHgw0Vkngd5FDkZJyzt1YSY,2024-02-19T00:00:00,28
US,google_play,Photography,5,com.picsart.studio,Picsart AI Photo Editor,2567120,"PicsArt, Inc.",https://play-lh.googleusercontent.com/1JMJ518jogwPeaD0pYn2mBu1cRLD0xRi45wNbtTIRvam1_xx-y3KJOjRAx-W9P4Lf0U,https://play-lh.googleusercontent.com/6rcpyshwEPprgEhH4RkU6AHJLXZsw6xzqmixhkGhHh4geNhLY3RojOJt-OscAt6pfQ,2024-02-15T00:00:00,76
US,google_play,Productivity,1,com.microsoft.copilot,​​Microsoft Copilot,190,Microsoft Corporation,https://play-lh.googleusercontent.com/nP2a6TMB-96l-qVzKuJ1I9rXsFATyw7pCM-ZVvnUuZqA3Q2kuPUitqOxG9Q8moSOijlz,https://play-lh.googleusercontent.com/DrWUDoQH8lbW9sRX9Xbpozq8vAhC6XMNfFy5sQGQgnBocAlsfY4MlpqfotCGxR9NPA,2024-02-05T00:00:00,9
US,google_play,Productivity,2,com.google.android.apps.bard,Google Gemini,1428138,Google LLC,https://play-lh.googleusercontent.com/DDIUuR0XwdSLnuuyOTn3STuoemW_M1qCSLHs8HE6DJq0NrwUNxYafZ2qG-78Uxj76Q,https://play-lh.googleusercontent.com/iUt48RpBLuFUFEtr6g2LvyIALZGqNaQiuhM8cwW8Pmig_ZzdVNAS_rO--EDF6-Ihng,2024-02-21T00:00:00,6
US,google_play,Productivity,3,com.openai.chatgpt,ChatGPT,1546548,OpenAI,https://play-lh.googleusercontent.com/6qi3w4uqKaD1c-CBdkkfO6IL0lH4OoCTEdiX0oYbLFxwfvxu1t8vuwHcagdYSFmFKmI,https://play-lh.googleusercontent.com/73YdqpsZPOjPdiDrURm2whbE-CAoIvPLPSpoH76y4vDz-K19JDIutwWBiHWY-1SzACs,2024-02-16T00:00:00,27
US,google_play,Productivity,4,pdf.pdfreader.viewer.editor.free,PDF Reader - PDF Viewer,2623234,QR Code Scanner.,https://play-lh.googleusercontent.com/HuveAFzGVUenSS0_hgITMW_hczQGMzmxiOVwW0F9Q5-uUkTidarGHBZtLkI5R5YYIw,https://play-lh.googleusercontent.com/y5hOX6uuLlViy5-xx69vKeFBHCvzL3l6s9mUvs16mC5XDIsrosodQ5OY6OiwErZt-sHJ,2024-01-29T00:00:00,11
US,google_play,Productivity,5,com.ezt.pdfreader.pdfviewer,PDF Reader – PDF Viewer,2791702,EZTech Apps,https://play-lh.googleusercontent.com/DmOukkkgQAAuCcUDsETgEj05UQaVcrvscGHa7f9r5AtdOZaFY8uED38rruq3ZSXpca4,https://play-lh.googleusercontent.com/E7092wR9nlvY7DMYQOmejYP0er0r8cSxD4xt1CLnO7KQZULaNwO0roa6BJsnb0lcqBw,2023-12-08T00:00:00,19
US,google_play,Shopping,1,com.einnovation.temu,Temu: Shop Like a Billionaire,2812161,Temu,https://play-lh.googleusercontent.com/9v08ai07I8aoFLj5M-90nzWPpvyNzOVgA2ZWF9avdW7oS8L9YqF9trVI44SUn2qGTA0,https://play-lh.googleusercontent.com/kcIZp0DeLoygTOPTETIyXJUh9iMmuqqIckTXbJ1xEgTuNAkW6Mjy4c6U6oTcL1PxI_U,2024-02-19T00:00:00,86
US,google_play,Shopping,2,com.zzkko,SHEIN-Shopping Online,2382663,Roadget Business PTE. LTD.,https://play-lh.googleusercontent.com/m3QFdr_7KjqYDnllq-xiqmv_wJuL7uvlVUo-UEZxAK-j0nSOrG1POKoVli4Hv8cKb-0,https://play-lh.googleusercontent.com/Uefeag_11lRQPXbGrVNdTOj7FuIciXtgoSKniYwUcmEq3nI8L8CTztejbzWhuTeYJKo,2024-02-04T00:00:00,43
US,google_play,Shopping,3,com.walmart.android,Walmart: Shopping & Savings,320,Walmart,https://play-lh.googleusercontent.com/lmzTAAyXpuxFvWDEALhYAi2Gn5As_4DIMoh5KezxmqeimkxbOFZYO9ttjRJDA1sdL-0,https://play-lh.googleusercontent.com/0PAG_VCqU5iyeCLxqYLlM9SiW-dmiSAJrzyUk06AFRuJJwF7WfWaTdN4OP2lNubZTJo,2024-02-18T00:00:00,45
US,google_play,Shopping,4,com.amazon.mShop.android.shopping,Amazon Shopping,371,Amazon Mobile LLC,https://play-lh.googleusercontent.com/1Ns1T_qN0pEXMvZeZ5lQNAR8z4blP7ce2J2Nn5doXvt2T1g_W7VMORdWHaApkOooupI,https://play-lh.googleusercontent.com/Bt95BAHb_F8Wdn_Xt1z7sBjUXAD-UIYX_mqAhhRFIv5PobR3vpteXfzNC0ZYiVJPSgM,2024-02-14T00:00:00,30
US,google_play,Shopping,5,com.alibaba.intl.android.apps.poseidon,Alibaba.com - B2B marketplace,1242248,Alibaba Mobile,https://play-lh.googleusercontent.com/pJ1m_SyCPfRzXmRcUs46RXHrhTR-vfKSpiq79AVunq4AcIyFbh_gaAsD7NH7ATsMCNQ,https://play-lh.googleusercontent.com/Up-bu3EkfzmE0oTNfVKZTE-ARhqPQwZSQm5NtcYySrZDLN-gyjhz4gi1XfkxH72dGZo,2024-02-21T00:00:00,30
US,google_play,Social,1,com.zhiliaoapp.musically,TikTok,1905756,TikTok Pte. Ltd.,https://play-lh.googleusercontent.com/BmUViDVOKNJe0GYJe22hsr7juFndRVbvr1fGmHGXqHfJjNAXjd26bfuGRQpVrpJ6YbA,https://play-lh.googleusercontent.com/QHz4mrb-l-ZJLwGMipk-fLKrFAPGWpq8rxiAiHQxE2APJwhwGJ56OON3X9nn7xZiZdY,2024-02-18T00:00:00,179
US,google_play,Social,2,com.instagram.android,Instagram,18758,Instagram,https://play-lh.googleusercontent.com/VRMWkE5p3CkWhJs6nv-9ZsLAs1QOg5ob1_3qg-rckwYW7yp1fMrYZqnEFpk0IoVP4LM,https://play-lh.googleusercontent.com/fRvdBTcc5b7pMwXkSEa5-Jm47ZfTt2lc8buw_wbFgF5lkj3GuLyu2B3b4zf7mKXhW3E,2024-02-12T00:00:00,55
US,google_play,Social,3,com.instagram.barcelona,"Threads, an Instagram app",18758,Instagram,https://play-lh.googleusercontent.com/G6jK9S77RN0laf9_6nhDo3AVxbRP9SgMmt8ZmQjKQ2hibn9xhOY-W5YFn_7stJD1CA,https://play-lh.googleusercontent.com/4G1LubN-8kcV2zRU45ovPAmuesvS8ZGjB5ecyuNUzPgA72kG41RGHnptfFVHq-vp21BN,2024-02-20T00:00:00,22
US,google_play,Social,4,com.facebook.katana,Facebook,2661616,"Meta Platforms, Inc.",https://play-lh.googleusercontent.com/KCMTYuiTrKom4Vyf0G4foetVOwhKWzNbHWumV73IXexAIy5TTgZipL52WTt8ICL-oIo,https://play-lh.googleusercontent.com/W_Y8ucZDrPOv9fBnDMF_s8y1e7NEsuw5_X3J3kE2dneQrzIB-K4Q4hv4bxcFuPnkhg,2024-02-14T00:00:00,57
US,google_play,Social,5,com.reddit.frontpage,Reddit,476939,reddit Inc.,https://play-lh.googleusercontent.com/FpCCoNLOt6LRIY_3NM5Rk_LDN-kFNz0yxdFjm-CYM4XavRQfoQlXxOtgC7abfexIDOE,https://play-lh.googleusercontent.com/0ELWSusMcj9Ayoap-f-OhSpw6-eRjIoszjezXxO1M2gOJN5oD-5vLBE8-Cwy_B4J6Q,2024-02-20T00:00:00,47
US,google_play,Tools,1,com.gamma.scan,QR & Barcode Scanner,383068,Gamma Play,https://play-lh.googleusercontent.com/nJcgTrETflv8liaA-3zrv7po7NyfKDMpMswbazxx6oWGnNAzT4D1mPniyX0nOrE-YnaV,https://play-lh.googleusercontent.com/sgqEXvq5E3nNo5yW_fl1Dd28BKURQQ092BN7lFEIwkiNZUkM5jT04BrESE67yIv_cQ,2024-02-09T00:00:00,6
US,google_play,Tools,2,com.sec.android.easyMover,Samsung Smart Switch Mobile,717690,"Samsung Electronics Co.,  Ltd.",https://play-lh.googleusercontent.com/rd_75Qzy88PvwxaKtx3IKJck_PEeFRt53NL-n1VDUruqM3AM-8ynJwCEzH3xp-dd7gA,https://play-lh.googleusercontent.com/7DFJ_wBizPF2AJ0-4VXYZBQbKqI9Rw0Yb1NgYcBK-eJVLRyqdhyW-kCQg5h8KrsS5C0,2024-01-25T00:00:00,12
US,google_play,Tools,3,com.google.android.apps.translate,Google Translate,1428138,Google LLC,https://play-lh.googleusercontent.com/ZrNeuKthBirZN7rrXPN1JmUbaG8ICy3kZSHt-WgSnREsJzo2txzCzjIoChlevMIQEA,https://play-lh.googleusercontent.com/ZoSP1VfNTX1xNDW0VQKZkyfacz-UT-Rp6T2HCmwt-PWU3BCPseBUn34XzMCLkwBrw3I,2024-02-14T00:00:00,40
US,google_play,Tools,4,vpn.secure.tehran,فیلتر شکن قوی پرسرعت Maple VPN,3026922,ZARISAN,https://play-lh.googleusercontent.com/6l8KxK48PHZ6mIi6pq1Yaa9TFWwrIwRu1iznWpZAvwOoNzvg2Sr3lf7YlEeQSJz2eIk,https://play-lh.googleusercontent.com/bD20JPIM1lwV2NXg2MsI539RYTI5_NNevHEjy7sKQcpR1JAURWFleWXTBpmCXJS9joM,2024-01-14T00:00:00,3
US,google_play,Tools,5,com.scannerreader.qrcode.creatorfree,QR Scanner,2911423,P & L Studio,https://play-lh.googleusercontent.com/QxH02g6JU2SEJ6bQvCY7w3u4ZgxsyBTt9KkqrYj5KycpQKKtI_321LWw7SKSEiyQSIo,https://play-lh.googleusercontent.com/z62QSOnIQElnGNr0ITgIc8uU_aOGS7KMyDHvEu2uQEWn0dZd8xivlBrMTGHAjHWdxg,2024-01-27T00:00:00,17
US,google_play,Travel & Local,1,com.airbnb.android,Airbnb,2263772,Airbnb,https://play-lh.googleusercontent.com/1zfN_BL13q20v0wvBzMWiZ_sL_t4KcCJBeAMRpOZeT3p34quM-4-pO-VcLj8PJNXPA0,https://play-lh.googleusercontent.com/zvJrbFuTcSGP9INXCxcrcMqDOqiBLoA3zUG9Kel7AM2or_GoaNiXwYDkWQbq20F_ZJs,2024-02-20T00:00:00,65
US,google_play,Travel & Local,2,com.vrbo.android,Vrbo Vacation Rentals,2051925,Vrbo,https://play-lh.googleusercontent.com/kMaMdsJ7pmxKdfK5u0SF4z4NpBbcAgjgCw_0VAcmlnjhN9810kGuNcrnAMG8U_b_U_w,https://play-lh.googleusercontent.com/oE5MXSjs8_zXHc7TJEJhdA2JoefK9C_UMoaTJbzW71UaH9hVA3Y33e7KhPBhC8pdp_U,2024-02-16T00:00:00,30
US,google_play,Travel & Local,3,com.expedia.bookings,"Expedia: Hotels, Flights & Car",6289,Expedia,https://play-lh.googleusercontent.com/YNvnzeNT8TFjxhCHo2qj531-iP3JGb1oJ56qnaQ-ni0619lnprwfA6Xtnq9edPRnjQw,https://play-lh.googleusercontent.com/GkTqIjZNL8UQEblxqcXG2UfbQs6y8Iu9yHxKEtMyL4-648YjJ3-7ev4guCQqHMJjZxM,2024-02-16T00:00:00,47
US,google_play,Travel & Local,4,com.aa.android,American Airlines,24944,"American Airlines, Inc.",https://play-lh.googleusercontent.com/Fv8XHfieFcN6A0QgXH68DjdowRHqagzndBt6DpfJtW1UBJktfCYHx7jiU5dVuFSVXrM,https://play-lh.googleusercontent.com/9hB77E9dkg3WykmH1iPSGUgHbFLbHxJDTbnhoDe90olr07OaWNIwxTTZl0YX6gaS8QY,2024-02-16T00:00:00,25
US,google_play,Travel & Local,5,com.booking,Booking.com: Hotels & Travel,1282178,Booking.com Hotels & Vacation Rentals,https://play-lh.googleusercontent.com/eJuvWSnbPwEWAQCYwl8i9nPJXRzTv94JSYGGrKIu0qeuG_5wgYtb982-2F_jOGtIytY,https://play-lh.googleusercontent.com/UOwVVA5Yx3lWT7Wk0uXDJlFQKIaK4CUd02K0KdLNnBexvewKNWNF6n07gFG7nr7AkR0,2024-02-20T00:00:00,105
US,google_play,Weather,1,com.weather.Weather,The Weather Channel - Radar,1725,The Weather Channel,https://play-lh.googleusercontent.com/RV3DftXlA7WUV7w-BpE8zM0X7Y4RQd2vBvZVv6A01DEGb_eXFRjLmUhSqdbqrEl9klI,https://play-lh.googleusercontent.com/FesyCDrXqKEEiJQRnw3MEkoRF5n9WQyQQdPrTwnnHNK7-ayPcxBj_EuZyUCSA3jRFEs,2024-02-08T00:00:00,11
US,google_play,Weather,2,com.local.forecast.dailyweather,Daily Weather- Live&Forecast,2966325,Smart Weather APPS,https://play-lh.googleusercontent.com/HadTPrxH4v6N-a5qEj3aoRPv7lMEgCWyIVoIpamv7GX0EVNdcfGmdwzxs_JlbYcYUA,https://play-lh.googleusercontent.com/Uh_zS98wBM1hO84fg3MhY0GVD3jc8NUjoftIfIXhgyLLSr62efE-nQyELhcMtSIckEI,2024-01-05T00:00:00,7
US,google_play,Weather,3,com.weathermode.weatherlauncherandroidapp,Weather Mode: Weather Launcher,3043049,Clarity App Crafting,https://play-lh.googleusercontent.com/VWPL677eogeT3a88gaYlHEoZb9xd0Pw46iQC9DMlywRTSODxWR6TaIDjloHkPAVQIXM,https://play-lh.googleusercontent.com/nPfrGcwv6iZGk2S_QtjCX9TIR6vjTW87YST9YQ7pIDmyxgLw_JtHB6dMiyshZZL6jU-H,2024-02-15T00:00:00,18
US,google_play,Weather,4,com.eet.weather.launcher,Weather Now Launcher - Radar,2902737,Homescreen Apps,https://play-lh.googleusercontent.com/gaJwGkyLAUV6F8nZICtD8AnYOkLLGtdSpvk2pmN-hfrgUWwHJ6TgJHHiApYp0QsjIhY,https://play-lh.googleusercontent.com/bFYoZhE_df3gQvGVuOXmWU5Be4z14TVAai13kDvCKULuICR6171eGgfiRiaDA-YmFxQ,2024-02-12T00:00:00,22
US,google_play,Weather,5,com.compass.digital.direction.directionfinder,Digital Compass for Android,2836854,Tools Generation Hub,https://play-lh.googleusercontent.com/f37_3dLOWO4pw4icWZg8r-WysF2db3wyVgPEV2HjlW4XxO5TyxLkGEuziQ0phFBj4LM,https://play-lh.googleusercontent.com/HX6UFu73xH9dJ5Vw1hzVH0oWHvMKC9hSDpbHBhhdd-0RV4oJkM7RtQvlMV0Cw6Yult4,2024-02-14T00:00:00,9
US,google_play,Sports,1,com.fanduel.sportsbook,FanDuel Sportsbook & Casino,598119,FanDuel,https://play-lh.googleusercontent.com/eNa8H4rDdZr1d-ewYdzXMArAVRJTIh-JH56FaOaPBf9l-Ng2AiOSjUG9fypgFo0m6w,https://play-lh.googleusercontent.com/Sb6FRDhL3mRMqSQvR-5JN6YFpwuo0MBqs-DnwCI1NZ_qrymbAAUl6eA0mLxNJnmhV-g,2024-02-21T00:00:00,33
US,google_play,Sports,2,com.draftkings.sportsbook,DraftKings Sportsbook & Casino,689368,"DraftKings, Inc.",https://play-lh.googleusercontent.com/LAr4z2nsPzAEKqs1zDaOP5tsi4mf1wgSh2JknMFxR9Gzqf_YK80kydjM7T0xJAv_nw,https://play-lh.googleusercontent.com/TeXh8C7wlpngLH2PpMTIWx2b_A6eGONYY1coBK-jIbdVZk2Q7nUzM4rlc32V8tQrguY,2024-02-02T00:00:00,25
US,google_play,Sports,3,com.handmark.sportcaster,CBS Sports App: Scores & News,6891,"CBS Interactive, Inc.",https://play-lh.googleusercontent.com/MUwcGhbUvGSPUB6Eg6JhCCdUP_DnAks9bkwEBAnfafDK2h2ivxurD4vvviTBSjzCSBdf,https://play-lh.googleusercontent.com/TQWN82nadWP64iCRnUqvQGTepUnxxAPrdf34W5veYpOU0hXkSzFyxvrOWmKoPRO7b4ev,2024-02-17T00:00:00,12
US,google_play,Sports,4,com.playmgm.nj.sports,BetMGM - Online Sports Betting,2501047,BetMGM,https://play-lh.googleusercontent.com/VSh6XgCwdUC36na5lSKLH8PG-hU-alud1Zj4UkyBv9j4_2VIq_zFVz9TTS6Pog-IeBUx,https://play-lh.googleusercontent.com/MBvHGQ0ujPe_5fZcWH3gtkDBi9vBlLdeTA5jK9ybo-XJJxzNq8opLspK7NNN0D__rQ,2023-10-27T00:00:00,3
US,google_play,Sports,5,com.espn.bet,ESPN BET,2929082,Score Media and Gaming Inc.,https://play-lh.googleusercontent.com/uvNwSnT_BYWEigTEcPnsKyJUGG0vS4RzP7su-wSGpunJYZ94Zdgvh-pRlr8ynlcfvQ,https://play-lh.googleusercontent.com/YaxL-4NkFKsyXlt4Tei8HyM8SzxTNWm64H3PC2hw34Ac8TrqU_BZuy_g6utjIy2YtHw,2024-02-14T00:00:00,6
US,google_play,Maps & Navigation,1,com.ubercab,Uber - Request a ride,28994,"Uber Technologies, Inc.",https://play-lh.googleusercontent.com/AQtSF5Sl18yp3mQ2tcbOrBLekb7cyP3kyg5BB1uUuc55zfcnbkCDLHFTBwZfYiu1aDI,https://play-lh.googleusercontent.com/Du0m1FkazoVXD5WYl_4uGtNZamXvig_XhlPNRMQzp8MD6ul-l_liqpBgzXhsN6908g,2024-02-19T00:00:00,61
US,google_play,Maps & Navigation,2,me.lyft.android,Lyft,29003,"Lyft, Inc.",https://play-lh.googleusercontent.com/ACQqLgO-aRSvB-t4TOPtJBjH-KdUA3BUpcrk1LQv5CPrxtL0JaQKeCL1AhygE4kHqg,https://play-lh.googleusercontent.com/fkpAvgK-a15JTffY3LG6tonJFsLzNnT6uGsjGUwKDM4pv23XTITZbrCiZjJ0kcdptQ,2024-02-16T00:00:00,50
US,google_play,Maps & Navigation,3,com.sharlocation.friend.family,Location Share,2911423,P & L Studio,https://play-lh.googleusercontent.com/oYN9_l2vEh1VRkG_sSJPrknYORzp8LhRNyxCI0QkM1f0JleS6OHqIepWOSzW-rZRiOw,https://play-lh.googleusercontent.com/SO4GmRDzkygbFIxKUtFnRcjMro_tKAugU_WuxFQnwp9v9optXsujCnt_fQKAktZuuR5P,2024-01-27T00:00:00,15
US,google_play,Maps & Navigation,4,com.waze,Waze Navigation & Live Traffic,17073,Waze,https://play-lh.googleusercontent.com/r7XL36PVNtnidqy6ikRiW1AHEIsjhePrZ8W5M4cNTQy5ViF3-lIDY47hpvxc84kJ7lw,https://play-lh.googleusercontent.com/MIfC7eF1LWUDJVaNrgP9PgnSJOfiJhuoJNa5w7-5W23-1T186DbGC2oFKexRSNPLkA,2024-01-28T00:00:00,23
US,google_play,Maps & Navigation,5,com.maps.locator.gps.gpstracker.phone,Phone Tracker and GPS Location,2917365,Gentii Studio,https://play-lh.googleusercontent.com/4Nj7tmpIeNzJM4_mJ70XHlrPNQcHLXTrOkUaEtgP9l96obGYGm0o8V7D2cgx_t9FAFWX,https://play-lh.googleusercontent.com/Cw-vn8i8essKLclmOheX5m_ZJ_8GpZxA5zvM4RhXTo_PlkJeCuE3VRWmp4iwfeW4GXac,2024-02-21T00:00:00,12
US,google_play,Food & Drink,1,com.dd.doordash,DoorDash - Food Delivery,353516,DoorDash,https://play-lh.googleusercontent.com/Fvled-zLfL8ER0EBNIk-FnunJCcH2u_T6rdITclOFdU2jpEopdMstZOHP-PtuhP_5coZ,https://play-lh.googleusercontent.com/V9ik4vCtHHipjZXQ9mW68nduyXjxOk70M9Pu-vfcl5TRYL9NU31KoBHlKOz-Aaua6Q,2024-02-17T00:00:00,54
US,google_play,Food & Drink,2,com.mcdonalds.app,McDonald's,914068,"McDonalds USA, LLC",https://play-lh.googleusercontent.com/hSRuCp9qVkxNYLYibPYyra4bQLYDyHg40TA1Cu6i9Z3HsWEgS1q076VfjacAdQquHw,https://play-lh.googleusercontent.com/fLj9CyHviIDt9l7p0W7ncJES93IT_D1yCGgG6CoufSoNcKUUGFNaNedO8yR9KAbAYqA,2024-02-07T00:00:00,16
US,google_play,Food & Drink,3,com.tacobell.ordering,Taco Bell Fast Food & Delivery,484825,Taco Bell Mobile,https://play-lh.googleusercontent.com/wWXePJtJwa8slrpch_scAqld5hNDAQKx-KSLDo5uo69yfQv-_k6o5OPPjEQrdRHFHOo,https://play-lh.googleusercontent.com/-daQ9n2L8HcJxnqVZ05ZQjMRvsUv2pMhlMfofp5loW_8pTbayztil8k1p7cNpfbbZz-F,2024-02-14T00:00:00,29
US,google_play,Food & Drink,4,com.carlsjr.ordering,Carl's Jr.®,2582214,CKE Restaurants,https://play-lh.googleusercontent.com/3HPE9Xwu6wZN16zetCv_QVP8Yz1AfMrYQQbl-L8YyLhCSx-ZKPoWf6gHhtHvy5gfvso,https://play-lh.googleusercontent.com/R-CSEmxiObfib3wJcFepD41Z1SDSqkAeskMkJotBr0Akn-kdHiwP3GOkq4CyQSsTgNt-,2024-02-15T00:00:00,11
US,google_play,Food & Drink,5,com.dominospizza,Domino's Pizza USA,17373,Domino's Pizza LLC,https://play-lh.googleusercontent.com/HJ47XE5VkqS0zURYn47X7hOS29g0Lg730UVnxlMrxrIXfk9wDAXPGQtPZ8upm-9tF1Ef,https://play-lh.googleusercontent.com/uIujAZMSHqBe_NBPJfbQpwc98UoQl5-osfADoDklJlPzpM2jFLbiMLIN4LwcVD8HIBON,2024-02-08T00:00:00,16
US,google_play,House & Home,1,com.zillow.android.zillowmap,Zillow: Homes For Sale & Rent,8594,Zillow,https://play-lh.googleusercontent.com/OB8xIkDrDEHWGwEow-daLIhyVHaAC4Pt3ZgsroGreUW8jqQb2QK2uvuogO1haZKAlu0,https://play-lh.googleusercontent.com/c5KPeaos2gmnCmr8VvW6Wan855R-Xs1DHMyi53W0tWK5wowaGIB1dC9GltnRNl84Hw,2024-02-18T00:00:00,42
US,google_play,House & Home,2,com.homes.homesdotcom,Homes.com for Sale & Rent,17404,Homes.com,https://play-lh.googleusercontent.com/ZO_exw0_oy1llkUHUkT0wlVFJyabxMCmi_H5IG2uoR9ScrOG7dBJqqM8KT3BD7gYxNPv,https://play-lh.googleusercontent.com/vgYO5oI8lpUy3AgmgWFxXfgrA5LQJLB4dH5uRQqlBeOfhl9PD06SyV4sW68DQmCcLQ,2024-02-01T00:00:00,19
US,google_play,House & Home,3,com.tmobile.homeisp,T-Mobile Internet,475,T-Mobile USA,https://play-lh.googleusercontent.com/Pn80btq-PoX9EiTgAvYPPE7SI4kxeLd142NLHlklbLUL3YxeVALwZPPqCsLxDwPZwl8,https://play-lh.googleusercontent.com/2GVfBOsnOggBEcLKOAhznyBMT-f3ESB5OgnN1badPc3-gcQNXvnuHfz2a-v4aF1cdao,2023-09-25T00:00:00,4
US,google_play,House & Home,4,com.move.realtor,"Realtor.com: Buy, Sell & Rent",1243085,realtor.com®,https://play-lh.googleusercontent.com/nKHQSAyXO4eSshh9_ubYw9MMjbS6ORhsKR7OsDX2ndjDUsFqL7I0mbeTjJa4wx4pagE,https://play-lh.googleusercontent.com/kkqlyOhPLipT99KLQXOCYSJncXF34uybHsPTGyjylJdJs1h40-65fjJ5zvrmhn2p1ag,2024-02-17T00:00:00,23
US,google_play,House & Home,5,com.rent,Rent. Apartments & Homes,2770428,"Rent Group, Inc",https://play-lh.googleusercontent.com/ZG7xUuDaIoLp71Eno_jZkKmSALnsAj5ViAIhqtpBIJGF_BDgtQuPDbi-Vu1JYOluug,https://play-lh.googleusercontent.com/BYvk4EKE_CCttOnnT7TuFhTFPh1IGyaY_4ROj8qsTv58YvGH_RQjAXAU_ZNRxjeiIPY,2024-02-01T00:00:00,6
US,google_play,Video Players & Editors,1,com.lemon.lvoverseas,CapCut - Video Editor,2252709,Bytedance Pte. Ltd.,https://play-lh.googleusercontent.com/MO4jVMbqskWrBD7BDUiKkymLPDMlSFjnEE-JTCigWv6UcoENgAkSKr8bs0IvPs8Twv8,https://play-lh.googleusercontent.com/vKLYSTe8y2IQ9qYRkk9h4jCBf19HarELDRFBEZa9GtD9fhXXBQporQe2z9kSBx9TfK4E,2024-02-20T00:00:00,109
US,google_play,Video Players & Editors,2,com.alpha.instantcut,Instant Cut - Video Editor,3040440,Latiffa Mobile LLC,https://play-lh.googleusercontent.com/Y6ZNVGQaXuI1l6SyrgYsEkzV2n3LP_Iq2PoUtv5AeS7c3wAeQ9OViLj4ltfmJVXLGJY,https://play-lh.googleusercontent.com/6Zk-HUg0Aw-ZQh3Rjin8DB5Ol4UcFH5NfmFITMgEgrjEum7L6Hj1i4MepIqlig1zYa0,2023-11-30T00:00:00,1
US,google_play,Video Players & Editors,3,com.google.android.apps.youtube.creator,YouTube Studio,1428138,Google LLC,https://play-lh.googleusercontent.com/SM1nwJaePNm9Q6vVgU0CvvmR1uozbZYU8ohKfBCIndZy0sSGtwmObhpBcUkTOqcyYg,https://play-lh.googleusercontent.com/kDc0ryXhkOIdry6pEf8QOHBV_RaeJeyFHHUCfbkRkPPA4LMIdiFdk8agvmf5K2YjBou5,2024-02-20T00:00:00,92
US,google_play,Video Players & Editors,4,com.videoeditorpro.android,Video Editor APP - VivaCut,2195029,VivaCut professional video editor,https://play-lh.googleusercontent.com/EkkfmrN5n4xyJuv7sqrNANOW13fEYJQiUDDNn1kb5LNont31w0IvjHwObQ42bRwLuAY,https://play-lh.googleusercontent.com/liPhKyoUcPWYm7ptZrJQ1mzNE5xKV_UtpzHkMICyzf-PhSEVeUU7p1m2odciAAMkTm0t,2024-02-06T00:00:00,23
US,google_play,Video Players & Editors,5,com.google.android.youtube,YouTube,1428138,Google LLC,https://play-lh.googleusercontent.com/lMoItBgdPPVDJsNOVtP26EKHePkwBg-PkuY9NOrc-fumRtTFP4XhpUNk_22syN4Datc,https://play-lh.googleusercontent.com/BxbaFv67YkqT48wc4-9ILNSmLYLb92mgkrAYdyBwI478H2s6UDTutAveNu7cOZFEeSg,2024-02-21T00:00:00,117
US,google_play,Parenting,1,org.findmykids.app,Find my kids: Location Tracker,2034721,GEO TRACK TECHNOLOGIES INC,https://play-lh.googleusercontent.com/e8uFp9Cmt-B59MCzPhU1chnhdIhyXSpS9pfg1rcetuake-RF73vvGWSdNuwLMlXGU1A,https://play-lh.googleusercontent.com/hO584TjsWzB4-UoRaN9LvQZrpbEfxDmEMuhLpUOzLk2WrZ7FWX45hpPTxxbgDjAYeeWp,2024-02-21T00:00:00,66
US,google_play,Parenting,2,com.becloser,Be Closer: Family location,2810437,Applabel LTD,https://play-lh.googleusercontent.com/d2w6DXtREQrP9ZhMZuWktD7QSdUCNEA8roMgyToqpU9d5h3FLLGj7_MPdSZAIfxsh8M,https://play-lh.googleusercontent.com/r1S0wDec1t72wW6JViQc3IdwWgXKPX6tWEUzHW86_zh6XLRAfEmzHyGrY8pBZEjluTU,2024-01-23T00:00:00,11
US,google_play,Parenting,3,com.babycenter.pregnancytracker,Pregnancy App & Baby Tracker,11995,BabyCenter,https://play-lh.googleusercontent.com/XHdIxUfGoosEIyP7Kc6oq-OVRrJ4Q-zyerrw14qmHTO1CjfCibyGRwEQ87AF1Z3evvHD,https://play-lh.googleusercontent.com/S3txEslIfnnZP6yKnKypI2SZEt7DQk25MX5t0lOqzmdrXd2aNX5WdgoDqmsw3vkz2g,2024-02-16T00:00:00,16
US,google_play,Parenting,4,com.microsoft.familysafety,Microsoft Family Safety,190,Microsoft Corporation,https://play-lh.googleusercontent.com/eEZuWwcu-rcwi3_9Z-4tO76tIzDgeprl6zldnyUC71-tgnp_YB3DmRHILVIqs07YJlE,https://play-lh.googleusercontent.com/Co9m9NDcZozXT3LneqSsVj1T6z01zWIXkN789OCYMGGoCIukhY2hrMsGWxjy2psfBFg,2024-01-15T00:00:00,6
US,google_play,Parenting,5,us.mitene,FamilyAlbum - Photo Sharing,2830182,"MIXI, Inc.",https://play-lh.googleusercontent.com/ugEi0H6bMT4IEk4DDsj-LfRp8nxJMGlRBjnFzVdeSgZ7DgUDUkvoLYPhiwtDa_FiIGI,https://play-lh.googleusercontent.com/wHZ3cg_rmvEyTO_EUs5VmtebR33IYHMhMtiCfVufZQbQbOtefvrH1fizpITnVzU5Gw,2024-02-16T00:00:00,36
US,google_play,Dating,1,com.bumble.app,Bumble: Dating App & Friends,975975,Bumble Holding Limited,https://play-lh.googleusercontent.com/tH2ui3MqYnTyt7EG9S3DVNDO7SV7eRtts2phjaE-vZNBvf4meAx5_a5LZc_IbZGAFw,https://play-lh.googleusercontent.com/G8bvqcWFcO-umC05l-Wab8nmulU3YvoXpXcv3LWR3L8bAaGJMJjcSAL8ibIyk_EwJtA,2024-02-16T00:00:00,51
US,google_play,Dating,2,com.tinder,Tinder Dating app. Meet People,17378,Tinder,https://play-lh.googleusercontent.com/fDpoqIbZ884ylRnMK8Lx9Fu4DsLQk5yt4f9WkxeOAPpGnzc9BTi_YKkMsLvoMdx7Uzg,https://play-lh.googleusercontent.com/zVHhOG8l8bVPhxjkJj2ucRmKSRpQLIb_NJK6AHfy3hypEiqFm5UPV4YJZVi9bVKl_LQ,2024-02-13T00:00:00,28
US,google_play,Dating,3,com.badoo.mobile,Badoo: Dating. Chat. Meet.,11119,Badoo,https://play-lh.googleusercontent.com/mix0TYeOXNQ8vCIKE-dwOlCUrb5RKuJJVdmWmDfjosD1l-Btx08-rZRK0e91ap_gMrw,https://play-lh.googleusercontent.com/nlJ803tnkATU8IZ_UhSm8zs1GZD0oNcNGv64AjhphsfXlg08Q_AtDyA93JPMNSO5ZsJW,2024-02-19T00:00:00,46
US,google_play,Dating,4,co.hinge.app,Hinge Dating App: Match & Date,2549387,"Hinge, Inc.",https://play-lh.googleusercontent.com/5P5svqXNCWqE0NtHSV91pl2YUGKJ2aitjaUWIVZd-65AtskDVO2o9bpYx1oAV9fr0-nt,https://play-lh.googleusercontent.com/03f8qwLGpP95fGNmdaLtrfhYH8R7CNbXDXRzcDGTX2RWYmxrOzgN7sAHZ3Il_zEn3YJF,2024-02-16T00:00:00,32
US,google_play,Dating,5,enterprises.dating.boo,Boo: Dating. Friends. Chat.,2263323,"Boo Enterprises, Inc.",https://play-lh.googleusercontent.com/7odIr8zuMI5ddrSG6KtefaVNEvKBoiGzo6Q96lowbP5tLFhqiqUl3Mc16PMk2E1m9g,https://play-lh.googleusercontent.com/nqwYBL33FvRFM0xofbm7WOSEQkMcPz3nhWu8BvLICg5ZCfhDxtgXe7EceyTPiWgdRw,2024-02-14T00:00:00,48
US,google_play,Auto & Vehicles,1,com.cars.android,Cars.com – New & Used Vehicles,17396,Cars.com,https://play-lh.googleusercontent.com/XXUeFWlzTo0n4mBYNcjsCTK2XMQXd9cxFfw7zgGRAY8zWu3x8UKwSz05TyEmkmzM_A8,https://play-lh.googleusercontent.com/YIQk3gkTMvU-3kxPltVDYuik7A7lWduq6xVpwgV6k4nsewGQVVtWRXFezobbUO3HCp3-,2024-02-16T00:00:00,16
US,google_play,Auto & Vehicles,2,com.stuzo.chevron,Chevron,3056530,Chevron U.S.A. Inc.,https://play-lh.googleusercontent.com/LGJmdF8GPlpDZm9b9TTgjjdSOQs8bbQcneqta2Pl_jLyQ7I970U2I509pIQX04xVSw,https://play-lh.googleusercontent.com/9Kjju5N4y9NME__8dcJXY1Ob-InFUFGnwLoAjUrwqDW94nfPtqAlcx4rubQD8W16pQ,2024-02-08T00:00:00,19
US,google_play,Auto & Vehicles,3,com.cargurus.mobileApp,CarGurus: Used & New Cars,742480,"CarGurus, Inc",https://play-lh.googleusercontent.com/a7v7-prBpwu0VyQy7qkc-VArU_WTUd6mOMOFtijebuSmitzjvzzB_yI-lA5AnQeUlEEG,https://play-lh.googleusercontent.com/bGElXJ8CETLf0xy6obrrMO8oEJ0AKBO88H5aDHus_wkrWkKhWwbFjq3XPeFmxPAIfA,2024-02-16T00:00:00,35
US,google_play,Auto & Vehicles,4,com.carfax.consumer,CARFAX - Shop New & Used Cars,3054,"CARFAX, Inc",https://play-lh.googleusercontent.com/-i9tZ99PhATtgZ5snFNXxCqM4NIDi-e4-5724RJWTRXWg0knuPsB-GaS1RJJ-AW0eQw,https://play-lh.googleusercontent.com/TWQpFiXY7lCTHUyJhibt4ZzHonstk3_YA5v-HnSZ86j5-DKyjGDd6DClbgtaYeFp0w,2024-02-15T00:00:00,32
US,google_play,Auto & Vehicles,5,net.sharewire.parkmobilev2,ParkMobile: Park. Pay. Go.,890496,"Parkmobile, LLC",https://play-lh.googleusercontent.com/YzI4y5MWdGRp7eyYXVnS1TJhFz9iMoRitlpXSq7BHYePmNHxJS_TGcAtHiIDaMj2jJ8,https://play-lh.googleusercontent.com/rDGCdJHh2vSj2GIaszvOV0WsHi-HbLjdrCre-DnBu2u_vC_JSqCcgeSPOZnBD30WMLxZ,2024-02-03T00:00:00,21
US,google_play,Art & Design,1,com.canva.editor,"Canva: Design, Photo & Video",1488201,Canva,https://play-lh.googleusercontent.com/3aWGqSf3T_p3F6wc8FFvcZcnjWlxpZdNaqFVEvPwQ1gTOPkVoZwq6cYvfK9eCkwCXbRY,https://play-lh.googleusercontent.com/6X6DCSxfr3mduCG82zAi0Oy02puanvxDGZnGEoEv5YZOVDZxv33sAxf3-s6n2QsvQvQ,2024-02-21T00:00:00,52
US,google_play,Art & Design,2,com.hubx.imagination,DaVinci - AI Image Generator,2822182,HubX,https://play-lh.googleusercontent.com/fShFZH19ZjRNkHW3fUMz0Qc6_kLlKPpuzefZm_Os1Y194UoyPO4N-LkhYNgeHoKTxSc,https://play-lh.googleusercontent.com/LzflGmuOunEbcKoYnOPlv87v69ac3spwWvgA_zncxGIEIdqLfdcWamRYRApSZL7oF81M,2024-02-16T00:00:00,15
US,google_play,Art & Design,3,jp.ne.ibis.ibispaintx.app,ibis Paint X,100451,ibis inc.,https://play-lh.googleusercontent.com/QcfhlXm32JDnj3WM2-TSL78ad99x4slovX4OzCSLSPU3uRN-mGXpKyM_yeXiewhz0Lk,https://play-lh.googleusercontent.com/_G5O-PWaKtmnMCy0ZV0f7gCp2fVyAHtPZv58V65UdajHZax156T_iOeJS1OngWROCkXo,2024-02-14T00:00:00,17
US,google_play,Art & Design,4,com.logomaster.logomaker,Logo Master - Design & Maker,2815752,Isabel Daisy,https://play-lh.googleusercontent.com/Or_-2PIoviQ1nPhjAzOlD7lUX06n22CE8qXLf5Z4xe1Stni0Ti_KJYgW20JtyxBhOdO1,https://play-lh.googleusercontent.com/KR_vFw027ORJgWHp0m-FC0wNC77a5eqURhwXCxubLv0E1n-0qU7LGo7LwDIUQamx3g,2023-10-20T00:00:00,2
US,google_play,Art & Design,5,com.adsk.sketchbook,Sketchbook,2557528,Sketchbook,https://play-lh.googleusercontent.com/NIhaPLVMl69snWk7IOWADeBwU-8FG5VL1q41_fmd6TVa4FEIqXQw3Ar3BovrXvza2Q,https://play-lh.googleusercontent.com/jy9YvoM0bF9yq-NOmeKXusWYeoKboWxrljX7Cy5RhA8dSMfW8Juk0K0q9IwdQp_-3A,2024-01-07T00:00:00,5
US,google_play,Beauty,1,com.sephora,Sephora: Buy Makeup & Skincare,286860,"Sephora USA, Inc.",https://play-lh.googleusercontent.com/B1v-qLNcvcD0mDyPqzCRTrru2l1QzgIssUYSWcYWhfCmp0jYW8IFp58MO-WZo3atZG_Q,https://play-lh.googleusercontent.com/jmeowoG4385nzSWxpKC9uw5azgM-Bn_eAVQykeKZ3MGeO-NgLTZILJ1TklJ15-PK3j0,2024-02-13T00:00:00,20
US,google_play,Beauty,2,com.ulta,Ulta Beauty: Makeup & Skincare,2924,ULTA,https://play-lh.googleusercontent.com/_TJTWJgxKdfMhv5SlUXqQY1CJwP3UTQfq11Wz6EJYM1c1f1wGlxYQQJTXfqTkzbmZM-x,https://play-lh.googleusercontent.com/Wz1bnciINXkr5DzRIdUN4qamD7nriuV1NIE9iRa9nn4zNuwsNExG_dHK41aUNRbAtQ,2024-01-25T00:00:00,11
US,google_play,Beauty,3,net.booksy.customer,Booksy for Customers,2494751,Booksy International sp. z o.o.,https://play-lh.googleusercontent.com/EMsrhZzxL1SJDRsCUfY2NTAkQymK9v_rvhS4hEKfviw90LWJITrABOvWw6IgTGkfgbE,https://play-lh.googleusercontent.com/63_QH5v3BH4zLNnILHrc5r1ZdSE7I7VjlQBfwYbOOxVOhJky2uH1GngGeo9KTIml_aMC,2024-02-16T00:00:00,45
US,google_play,Beauty,4,com.photo.hd.camera.beauty.filter,HD Camera for Android,3044794,HD Camera & Message App,https://play-lh.googleusercontent.com/vAY_83HmxPhy4xhiD0_mtCKvUQIHp1P1yDA4JKQUoioBWFagDbgjxaypcysVHlO8BDxY,https://play-lh.googleusercontent.com/5nnFW8h6LgxVZ6vxpDkHWKIdO26XMUEV6qQF3rK6HSAZ3udO3bnpEDMXVaDt_McEoss,2024-01-08T00:00:00,9
US,google_play,Beauty,5,com.ipsy.mobile.production,IPSY: Personalized Beauty,1069870,ipsy,https://play-lh.googleusercontent.com/gfmsKvMTjDDY2zQylQ0cu98XcJ1pc73F6m76BzSwJuK7YU_WOdBEI8s6MIIkHsVlGCUV,https://play-lh.googleusercontent.com/Mi8MSmzsDe3waIo6PSClIZwaxiCIuWU0kMouL6uhWO1czmf7kd0YKuH_f_qrbVcH-xc,2024-01-24T00:00:00,6
US,google_play,Events,1,com.ticketmaster.mobile.android.na,"Ticketmaster－Buy, Sell Tickets",14197,Ticketmaster L.L.C.,https://play-lh.googleusercontent.com/KmWVboPY-BCCfiflJ-AYCPGBv86QLMsXsSpvQksC0DVR8ENV0lh-lwHnXrekpHwbQA,https://play-lh.googleusercontent.com/EG5uMOi5LjTDBYLiCatuxIbOoZEqYk7zq8kmyM_dfnJSQw4xzSshP6pHuyaDJFKT3lU,2023-12-14T00:00:00,6
US,google_play,Events,2,com.tickpickllc.ceobrien.tickpick,TickPick - Live Event Tickets,507437,TickPick LLC,https://play-lh.googleusercontent.com/zinq7l3nhQ_IovwEiAcfT7vfjJHvpQlaYbYFhm-oKsoxO5FaFEKEJ4uUqc6Xbk-bMRaP,https://play-lh.googleusercontent.com/xs73fBhpM_pAZksBijMegBEEhbuetBlbhkUHjUgrnRFFGcluwqimHI_PTlfduK6mJfo,2024-02-15T00:00:00,31
US,google_play,Events,3,com.seatgeek.android,SeatGeek – Tickets to Events,871404,SeatGeek,https://play-lh.googleusercontent.com/rDMsfzq4RwA6Kf4OZIMnoC9338Bvm4kO9FjMzCYPYbM-mz6MdOWmOJGG2KGwBMmeTJw,https://play-lh.googleusercontent.com/228LOYyBa59J9Y6-jRWhxudMsWISzjroFmjS_3roOT1Fu9szDUpakReOMPL6_oz9cZA,2024-01-31T00:00:00,32
US,google_play,Events,4,com.vividseats.android,Vivid Seats | Event Tickets,1081072,Vivid Seats LLC,https://play-lh.googleusercontent.com/yLQXDzCEkHHS8-z1Yk4FsBclMzAV2WWaNmZ_2FtE1aJ9qJeT8AclkYwKPFPPUClwoE8,https://play-lh.googleusercontent.com/d-jALyQ9-wlZ3x6olPqp7WWnLtEbkoNZbT0pPOMxnD_EVXGEsMk0k4_AL6RzF6eifg,2024-02-14T00:00:00,19
US,google_play,Events,5,com.stubhub,StubHub - Live Event Tickets,6440,StubHub,https://play-lh.googleusercontent.com/xtycqyNcsadXh6_OxBLryXQ4Y8e-h4oUgFHZYA04_4Xe8Y9pkqgVm3BhSW2Vlez5oEU,https://play-lh.googleusercontent.com/28k-wDz1t3byeiwJ_MIY2CwRFTCdgxBQWW9_aWx8PC-DQxjpMFmlyDXhhFu7rKRz0Ug,2024-02-13T00:00:00,11
